,number,objective,datetime_start,datetime_complete,duration,params_busy_spin,params_hepnos_num_event_databases,params_hepnos_num_product_databases,params_hepnos_num_providers,params_hepnos_num_rpc_threads,params_hepnos_pes_per_node,params_hepnos_pool_type,params_hepnos_progress_thread,params_loader_async,params_loader_async_threads,params_loader_batch_size,params_loader_pes_per_node,params_loader_progress_thread,params_pep_ibatch_size,params_pep_no_preloading,params_pep_no_rdma,params_pep_num_threads,params_pep_obatch_size,params_pep_pes_per_node,params_pep_progress_thread,system_attrs_fixed_params,state
0,0,3.2891631699529142,2022-04-29 11:35:10.480119,2022-04-29 11:35:10.488173,0 days 00:00:00.008054,True,6,5,8,18,4,fifo,True,False,5,264,8,False,38,False,False,6,853,32,True,"{'busy_spin': True, 'hepnos_num_event_databases': 6, 'hepnos_num_product_databases': 5, 'hepnos_num_providers': 8, 'hepnos_num_rpc_threads': 18, 'hepnos_pes_per_node': 4, 'hepnos_pool_type': 'fifo', 'hepnos_progress_thread': True, 'loader_async': False, 'loader_async_threads': 5, 'loader_batch_size': 264, 'loader_pes_per_node': 8, 'loader_progress_thread': False, 'pep_ibatch_size': 38, 'pep_no_preloading': False, 'pep_no_rdma': False, 'pep_num_threads': 6, 'pep_obatch_size': 853, 'pep_pes_per_node': 32, 'pep_progress_thread': True}",COMPLETE
1,1,3.3483899463589535,2022-04-29 11:35:10.488685,2022-04-29 11:35:10.496809,0 days 00:00:00.008124,True,1,13,10,49,2,fifo_wait,True,True,1,416,16,False,202,False,False,8,94,4,True,"{'busy_spin': True, 'hepnos_num_event_databases': 1, 'hepnos_num_product_databases': 13, 'hepnos_num_providers': 10, 'hepnos_num_rpc_threads': 49, 'hepnos_pes_per_node': 2, 'hepnos_pool_type': 'fifo_wait', 'hepnos_progress_thread': True, 'loader_async': True, 'loader_async_threads': 1, 'loader_batch_size': 416, 'loader_pes_per_node': 16, 'loader_progress_thread': False, 'pep_ibatch_size': 202, 'pep_no_preloading': False, 'pep_no_rdma': False, 'pep_num_threads': 8, 'pep_obatch_size': 94, 'pep_pes_per_node': 4, 'pep_progress_thread': True}",COMPLETE
2,2,3.6274082992555323,2022-04-29 11:35:10.497353,2022-04-29 11:35:10.505728,0 days 00:00:00.008375,False,14,8,6,51,1,fifo_wait,True,False,4,421,8,True,10,False,False,6,14,4,True,"{'busy_spin': False, 'hepnos_num_event_databases': 14, 'hepnos_num_product_databases': 8, 'hepnos_num_providers': 6, 'hepnos_num_rpc_threads': 51, 'hepnos_pes_per_node': 1, 'hepnos_pool_type': 'fifo_wait', 'hepnos_progress_thread': True, 'loader_async': False, 'loader_async_threads': 4, 'loader_batch_size': 421, 'loader_pes_per_node': 8, 'loader_progress_thread': True, 'pep_ibatch_size': 10, 'pep_no_preloading': False, 'pep_no_rdma': False, 'pep_num_threads': 6, 'pep_obatch_size': 14, 'pep_pes_per_node': 4, 'pep_progress_thread': True}",COMPLETE
3,3,4.623879389648617,2022-04-29 11:35:10.506279,2022-04-29 11:35:10.513916,0 days 00:00:00.007637,True,7,10,9,59,1,fifo,False,True,14,1171,2,True,121,False,True,28,247,32,False,"{'busy_spin': True, 'hepnos_num_event_databases': 7, 'hepnos_num_product_databases': 10, 'hepnos_num_providers': 9, 'hepnos_num_rpc_threads': 59, 'hepnos_pes_per_node': 1, 'hepnos_pool_type': 'fifo', 'hepnos_progress_thread': False, 'loader_async': True, 'loader_async_threads': 14, 'loader_batch_size': 1171, 'loader_pes_per_node': 2, 'loader_progress_thread': True, 'pep_ibatch_size': 121, 'pep_no_preloading': False, 'pep_no_rdma': True, 'pep_num_threads': 28, 'pep_obatch_size': 247, 'pep_pes_per_node': 32, 'pep_progress_thread': False}",COMPLETE
4,4,4.694584439202997,2022-04-29 11:35:10.514436,2022-04-29 11:35:10.522090,0 days 00:00:00.007654,True,16,9,17,38,4,fifo,False,True,19,126,2,True,22,True,False,5,611,16,False,"{'busy_spin': True, 'hepnos_num_event_databases': 16, 'hepnos_num_product_databases': 9, 'hepnos_num_providers': 17, 'hepnos_num_rpc_threads': 38, 'hepnos_pes_per_node': 4, 'hepnos_pool_type': 'fifo', 'hepnos_progress_thread': False, 'loader_async': True, 'loader_async_threads': 19, 'loader_batch_size': 126, 'loader_pes_per_node': 2, 'loader_progress_thread': True, 'pep_ibatch_size': 22, 'pep_no_preloading': True, 'pep_no_rdma': False, 'pep_num_threads': 5, 'pep_obatch_size': 611, 'pep_pes_per_node': 16, 'pep_progress_thread': False}",COMPLETE
5,5,4.649416936675242,2022-04-29 11:35:10.522602,2022-04-29 11:35:10.530523,0 days 00:00:00.007921,True,5,14,12,15,32,fifo_wait,False,True,1,328,16,False,14,True,False,31,41,2,True,"{'busy_spin': True, 'hepnos_num_event_databases': 5, 'hepnos_num_product_databases': 14, 'hepnos_num_providers': 12, 'hepnos_num_rpc_threads': 15, 'hepnos_pes_per_node': 32, 'hepnos_pool_type': 'fifo_wait', 'hepnos_progress_thread': False, 'loader_async': True, 'loader_async_threads': 1, 'loader_batch_size': 328, 'loader_pes_per_node': 16, 'loader_progress_thread': False, 'pep_ibatch_size': 14, 'pep_no_preloading': True, 'pep_no_rdma': False, 'pep_num_threads': 31, 'pep_obatch_size': 41, 'pep_pes_per_node': 2, 'pep_progress_thread': True}",COMPLETE
6,6,4.876534538885321,2022-04-29 11:35:10.531064,2022-04-29 11:35:10.539454,0 days 00:00:00.008390,False,15,10,14,60,32,fifo_wait,False,False,25,467,8,False,466,False,False,24,505,2,False,"{'busy_spin': False, 'hepnos_num_event_databases': 15, 'hepnos_num_product_databases': 10, 'hepnos_num_providers': 14, 'hepnos_num_rpc_threads': 60, 'hepnos_pes_per_node': 32, 'hepnos_pool_type': 'fifo_wait', 'hepnos_progress_thread': False, 'loader_async': False, 'loader_async_threads': 25, 'loader_batch_size': 467, 'loader_pes_per_node': 8, 'loader_progress_thread': False, 'pep_ibatch_size': 466, 'pep_no_preloading': False, 'pep_no_rdma': False, 'pep_num_threads': 24, 'pep_obatch_size': 505, 'pep_pes_per_node': 2, 'pep_progress_thread': False}",COMPLETE
7,7,4.783754260603171,2022-04-29 11:35:10.539989,2022-04-29 11:35:10.547592,0 days 00:00:00.007603,True,2,9,25,12,1,fifo,False,True,12,72,8,False,91,False,True,4,21,16,False,"{'busy_spin': True, 'hepnos_num_event_databases': 2, 'hepnos_num_product_databases': 9, 'hepnos_num_providers': 25, 'hepnos_num_rpc_threads': 12, 'hepnos_pes_per_node': 1, 'hepnos_pool_type': 'fifo', 'hepnos_progress_thread': False, 'loader_async': True, 'loader_async_threads': 12, 'loader_batch_size': 72, 'loader_pes_per_node': 8, 'loader_progress_thread': False, 'pep_ibatch_size': 91, 'pep_no_preloading': False, 'pep_no_rdma': True, 'pep_num_threads': 4, 'pep_obatch_size': 21, 'pep_pes_per_node': 16, 'pep_progress_thread': False}",COMPLETE
8,8,4.980798459470291,2022-04-29 11:35:10.548103,2022-04-29 11:35:10.555733,0 days 00:00:00.007630,True,14,11,21,48,4,fifo_wait,True,True,62,24,8,False,25,False,False,8,9,2,True,"{'busy_spin': True, 'hepnos_num_event_databases': 14, 'hepnos_num_product_databases': 11, 'hepnos_num_providers': 21, 'hepnos_num_rpc_threads': 48, 'hepnos_pes_per_node': 4, 'hepnos_pool_type': 'fifo_wait', 'hepnos_progress_thread': True, 'loader_async': True, 'loader_async_threads': 62, 'loader_batch_size': 24, 'loader_pes_per_node': 8, 'loader_progress_thread': False, 'pep_ibatch_size': 25, 'pep_no_preloading': False, 'pep_no_rdma': False, 'pep_num_threads': 8, 'pep_obatch_size': 9, 'pep_pes_per_node': 2, 'pep_progress_thread': True}",COMPLETE
9,9,4.8197290442052685,2022-04-29 11:35:10.556243,2022-04-29 11:35:10.564244,0 days 00:00:00.008001,True,4,5,30,62,4,fifo,False,True,3,107,4,False,39,True,True,20,202,32,False,"{'busy_spin': True, 'hepnos_num_event_databases': 4, 'hepnos_num_product_databases': 5, 'hepnos_num_providers': 30, 'hepnos_num_rpc_threads': 62, 'hepnos_pes_per_node': 4, 'hepnos_pool_type': 'fifo', 'hepnos_progress_thread': False, 'loader_async': True, 'loader_async_threads': 3, 'loader_batch_size': 107, 'loader_pes_per_node': 4, 'loader_progress_thread': False, 'pep_ibatch_size': 39, 'pep_no_preloading': True, 'pep_no_rdma': True, 'pep_num_threads': 20, 'pep_obatch_size': 202, 'pep_pes_per_node': 32, 'pep_progress_thread': False}",COMPLETE
10,10,5.635229113804223,2022-04-29 11:35:10.564782,2022-04-29 11:35:10.582491,0 days 00:00:00.017709,False,11,1,2,0,8,fifo,True,False,2,2,1,False,746,True,True,15,945,1,True,,COMPLETE
11,11,5.31975992186775,2022-04-29 11:35:10.583078,2022-04-29 11:35:10.601057,0 days 00:00:00.017979,True,2,16,2,29,2,fifo_wait,True,False,1,9,16,False,218,False,False,12,86,8,True,,COMPLETE
12,12,3.473531255691844,2022-04-29 11:35:10.601616,2022-04-29 11:35:10.619104,0 days 00:00:00.017488,True,10,3,7,28,2,fifo_wait,True,False,7,1343,16,False,58,False,False,1,81,4,True,,COMPLETE
13,13,5.169110065503996,2022-04-29 11:35:10.619616,2022-04-29 11:35:10.637783,0 days 00:00:00.018167,True,1,5,16,39,16,fifo,True,False,2,34,1,False,289,False,False,11,231,32,True,,COMPLETE
14,14,3.989548211987426,2022-04-29 11:35:10.638339,2022-04-29 11:35:10.655823,0 days 00:00:00.017484,True,7,13,10,17,2,fifo,True,True,7,1757,4,False,174,False,False,11,36,4,True,,COMPLETE
15,15,3.5962090551811006,2022-04-29 11:35:10.656338,2022-04-29 11:35:10.674301,0 days 00:00:00.017963,False,4,6,5,23,16,fifo_wait,True,False,1,245,16,True,60,False,False,18,135,8,True,,COMPLETE
16,16,5.579727335927968,2022-04-29 11:35:10.674837,2022-04-29 11:35:10.692306,0 days 00:00:00.017469,True,6,13,20,40,8,fifo,True,False,2,1,16,False,925,False,False,2,491,1,True,,COMPLETE
17,17,5.146239824054342,2022-04-29 11:35:10.692890,2022-04-29 11:35:10.710915,0 days 00:00:00.018025,True,10,7,11,4,4,fifo_wait,True,True,37,12,8,False,449,False,False,8,50,32,True,,COMPLETE
18,18,5.01466827021225,2022-04-29 11:35:10.711450,2022-04-29 11:35:10.729203,0 days 00:00:00.017753,False,3,16,1,45,2,fifo,True,True,4,608,2,True,35,True,True,14,962,4,True,,COMPLETE
19,19,3.9141953813726422,2022-04-29 11:35:10.729749,2022-04-29 11:35:10.747673,0 days 00:00:00.017924,True,8,3,13,22,4,fifo_wait,True,False,10,153,4,False,116,False,False,8,159,4,True,,COMPLETE
20,20,5.023356006013082,2022-04-29 11:35:10.748187,2022-04-29 11:35:10.766247,0 days 00:00:00.018060,True,1,12,8,53,2,fifo,True,True,3,42,1,False,65,False,False,20,343,32,True,,COMPLETE
21,21,3.4891015135141243,2022-04-29 11:35:10.766815,2022-04-29 11:35:10.784741,0 days 00:00:00.017926,True,11,3,6,30,2,fifo_wait,True,False,7,1045,16,False,53,False,False,1,80,4,True,,COMPLETE
22,22,3.447713306235917,2022-04-29 11:35:10.785371,2022-04-29 11:35:10.804146,0 days 00:00:00.018775,True,10,3,5,25,2,fifo_wait,True,False,5,1759,16,False,159,False,False,3,112,4,True,,COMPLETE
23,23,3.886503430816621,2022-04-29 11:35:10.804709,2022-04-29 11:35:10.822571,0 days 00:00:00.017862,True,9,1,4,8,2,fifo_wait,True,False,5,2040,16,False,169,False,False,4,125,4,True,,COMPLETE
24,24,3.522303290416226,2022-04-29 11:35:10.823092,2022-04-29 11:35:10.841604,0 days 00:00:00.018512,True,12,4,4,21,2,fifo_wait,True,False,2,808,16,False,310,False,False,7,30,4,True,,COMPLETE
25,25,3.377819971732165,2022-04-29 11:35:10.842151,2022-04-29 11:35:10.860309,0 days 00:00:00.018158,True,6,6,9,36,32,fifo_wait,True,False,8,293,8,False,92,False,False,10,335,16,True,,COMPLETE
26,26,3.545384226054617,2022-04-29 11:35:10.860872,2022-04-29 11:35:10.879328,0 days 00:00:00.018456,False,5,7,15,33,32,fifo_wait,True,False,9,224,8,False,93,False,True,12,369,16,True,,COMPLETE
27,27,4.651001492585995,2022-04-29 11:35:10.879895,2022-04-29 11:35:10.898604,0 days 00:00:00.018709,True,6,7,10,42,32,fifo_wait,True,False,17,65,8,True,21,True,False,10,772,16,False,,COMPLETE
28,28,3.9084510441765703,2022-04-29 11:35:10.899192,2022-04-29 11:35:10.917728,0 days 00:00:00.018536,True,3,5,18,35,32,fifo,True,True,33,211,8,False,288,False,False,14,300,16,True,,COMPLETE
29,29,3.246598808481727,2022-04-29 11:35:10.918246,2022-04-29 11:35:10.937128,0 days 00:00:00.018882,False,8,8,8,53,8,fifo_wait,True,False,3,413,8,True,8,False,False,6,57,8,True,,COMPLETE
30,30,3.3060239169969137,2022-04-29 11:35:10.937732,2022-04-29 11:35:10.956264,0 days 00:00:00.018532,False,8,8,13,50,8,fifo_wait,True,False,3,515,8,True,9,False,False,6,58,8,True,,COMPLETE
31,31,3.2925744946166873,2022-04-29 11:35:10.956756,2022-04-29 11:35:10.975664,0 days 00:00:00.018908,False,8,8,12,54,8,fifo_wait,True,False,3,528,8,True,8,False,False,6,59,8,True,,COMPLETE
32,32,3.285403111590126,2022-04-29 11:35:10.976179,2022-04-29 11:35:10.994697,0 days 00:00:00.018518,False,8,8,13,55,8,fifo_wait,True,False,3,571,8,True,9,False,False,6,57,8,True,,COMPLETE
33,33,3.298210893477788,2022-04-29 11:35:10.995240,2022-04-29 11:35:11.014034,0 days 00:00:00.018794,False,7,10,8,54,8,fifo_wait,True,False,4,706,8,True,13,False,False,6,23,8,True,,COMPLETE
34,34,3.208695487698497,2022-04-29 11:35:11.014532,2022-04-29 11:35:11.033519,0 days 00:00:00.018987,False,9,8,11,56,8,fifo_wait,True,False,3,401,8,True,12,False,False,4,60,8,True,,COMPLETE
35,35,4.1454770763035516,2022-04-29 11:35:11.034064,2022-04-29 11:35:11.052702,0 days 00:00:00.018638,False,9,9,11,58,8,fifo_wait,False,False,5,144,8,True,16,False,False,3,16,8,False,,COMPLETE
36,36,4.848488872129858,2022-04-29 11:35:11.053195,2022-04-29 11:35:11.072661,0 days 00:00:00.019466,False,13,11,18,57,8,fifo_wait,True,False,4,390,2,True,11,True,False,9,67,8,True,,COMPLETE
37,37,4.209428703289796,2022-04-29 11:35:11.073265,2022-04-29 11:35:11.091816,0 days 00:00:00.018551,False,7,6,14,63,8,fifo,False,False,2,977,8,True,17,False,True,4,34,8,False,,COMPLETE
38,38,3.2425495891131897,2022-04-29 11:35:11.092332,2022-04-29 11:35:11.111651,0 days 00:00:00.019319,False,9,8,10,46,1,fifo_wait,True,False,3,104,8,True,11,False,False,5,46,8,True,,COMPLETE
39,39,3.898837369812381,2022-04-29 11:35:11.112180,2022-04-29 11:35:11.131109,0 days 00:00:00.018929,False,11,10,22,45,1,fifo_wait,True,False,3,65,8,True,11,False,False,2,47,8,True,,COMPLETE
40,40,3.9577563335021795,2022-04-29 11:35:11.131631,2022-04-29 11:35:11.150927,0 days 00:00:00.019296,False,9,8,15,47,1,fifo_wait,False,False,4,99,8,True,26,False,False,25,24,8,True,,COMPLETE
41,41,3.2228196933361737,2022-04-29 11:35:11.151427,2022-04-29 11:35:11.171063,0 days 00:00:00.019636,False,8,9,8,56,1,fifo_wait,True,False,6,360,8,True,8,False,False,5,104,8,True,,COMPLETE
42,42,3.236995898111497,2022-04-29 11:35:11.171607,2022-04-29 11:35:11.190554,0 days 00:00:00.018947,False,8,9,7,52,1,fifo_wait,True,False,6,341,8,True,9,False,False,5,43,8,True,,COMPLETE
43,43,3.2463014668331427,2022-04-29 11:35:11.191120,2022-04-29 11:35:11.210515,0 days 00:00:00.019395,False,9,9,7,51,1,fifo_wait,True,False,11,165,8,True,8,False,False,5,41,8,True,,COMPLETE
44,44,5.1826041064177915,2022-04-29 11:35:11.211025,2022-04-29 11:35:11.230175,0 days 00:00:00.019150,False,10,9,6,60,1,fifo_wait,True,False,11,178,8,True,12,True,False,4,40,8,True,,COMPLETE
45,45,4.925265152811361,2022-04-29 11:35:11.230722,2022-04-29 11:35:11.250181,0 days 00:00:00.019459,False,9,10,9,46,1,fifo_wait,True,False,15,88,8,True,18,False,True,5,28,2,False,,COMPLETE
46,46,5.007271878307889,2022-04-29 11:35:11.250685,2022-04-29 11:35:11.270497,0 days 00:00:00.019812,False,12,11,30,50,1,fifo_wait,False,False,6,46,2,True,14,False,False,1,99,8,True,,COMPLETE
47,47,5.5188561971310435,2022-04-29 11:35:11.271037,2022-04-29 11:35:11.290167,0 days 00:00:00.019130,False,7,9,3,42,1,fifo_wait,True,False,12,20,4,True,10,False,False,8,11,1,True,,COMPLETE
48,48,4.808243366220145,2022-04-29 11:35:11.290663,2022-04-29 11:35:11.310317,0 days 00:00:00.019654,False,12,12,7,57,1,fifo_wait,True,False,25,301,1,True,26,False,False,3,18,8,True,,COMPLETE
49,49,5.29270947658259,2022-04-29 11:35:11.310916,2022-04-29 11:35:11.330265,0 days 00:00:00.019349,False,10,7,10,51,1,fifo_wait,True,False,6,133,8,True,34,True,True,5,165,8,False,,COMPLETE
50,50,4.198026248157999,2022-04-29 11:35:11.330827,2022-04-29 11:35:11.350570,0 days 00:00:00.019743,False,5,9,11,61,1,fifo_wait,True,False,13,350,8,True,14,False,False,9,74,2,True,,COMPLETE
51,51,3.267351600680139,2022-04-29 11:35:11.351108,2022-04-29 11:35:11.371032,0 days 00:00:00.019924,False,8,8,7,53,1,fifo_wait,True,False,8,234,8,True,8,False,False,7,42,8,True,,COMPLETE
52,52,3.916733194580292,2022-04-29 11:35:11.371577,2022-04-29 11:35:11.391229,0 days 00:00:00.019652,False,9,7,8,56,16,fifo_wait,True,False,4,409,8,True,8,False,False,31,95,8,True,,COMPLETE
53,53,3.324979443213814,2022-04-29 11:35:11.391768,2022-04-29 11:35:11.411854,0 days 00:00:00.020086,False,7,11,6,48,1,fifo_wait,True,False,5,182,8,True,10,False,False,5,51,8,True,,COMPLETE
54,54,3.706703845834539,2022-04-29 11:35:11.412367,2022-04-29 11:35:11.432081,0 days 00:00:00.019714,False,11,10,32,52,1,fifo_wait,True,False,21,117,8,True,20,False,False,2,33,8,True,,COMPLETE
55,55,4.195524727805851,2022-04-29 11:35:11.432730,2022-04-29 11:35:11.452195,0 days 00:00:00.019465,False,10,9,9,43,1,fifo_wait,True,False,6,794,8,True,12,False,False,7,67,1,True,,COMPLETE
56,56,4.757679985444185,2022-04-29 11:35:11.452698,2022-04-29 11:35:11.472894,0 days 00:00:00.020196,False,8,6,4,59,1,fifo_wait,True,False,8,1165,1,True,16,False,False,3,27,8,True,,COMPLETE
57,57,5.251055064179721,2022-04-29 11:35:11.473433,2022-04-29 11:35:11.492815,0 days 00:00:00.019382,False,9,10,1,63,16,fifo_wait,False,True,2,6,4,True,8,False,False,12,45,8,True,,COMPLETE
58,58,3.126595801026585,2022-04-29 11:35:11.493364,2022-04-29 11:35:11.513305,0 days 00:00:00.019941,False,6,7,7,49,4,fifo_wait,True,False,9,335,8,True,10,False,False,4,102,32,True,,COMPLETE
59,59,4.325435330137349,2022-04-29 11:35:11.513815,2022-04-29 11:35:11.533745,0 days 00:00:00.019930,False,6,7,5,49,4,fifo_wait,True,False,16,296,2,True,10,False,False,4,157,32,True,,COMPLETE
60,60,4.534574511923912,2022-04-29 11:35:11.534284,2022-04-29 11:35:11.553929,0 days 00:00:00.019645,False,5,6,7,43,4,fifo_wait,True,False,10,77,8,True,14,True,True,2,120,32,True,,COMPLETE
61,61,3.17165524464584,2022-04-29 11:35:11.554493,2022-04-29 11:35:11.574753,0 days 00:00:00.020260,False,8,8,9,52,4,fifo_wait,True,False,7,454,8,True,9,False,False,5,89,32,True,,COMPLETE
62,62,3.2798629156157455,2022-04-29 11:35:11.575280,2022-04-29 11:35:11.595129,0 days 00:00:00.019849,False,7,9,12,51,4,fifo_wait,True,False,7,173,8,True,11,False,False,5,98,32,True,,COMPLETE
63,63,3.450120947061077,2022-04-29 11:35:11.595682,2022-04-29 11:35:11.615877,0 days 00:00:00.020195,False,16,8,9,56,4,fifo_wait,True,False,9,266,8,True,9,False,False,9,197,32,True,,COMPLETE
64,64,3.242826547662705,2022-04-29 11:35:11.616405,2022-04-29 11:35:11.636864,0 days 00:00:00.020459,False,6,7,11,47,4,fifo_wait,True,False,11,664,8,True,13,False,False,7,75,32,True,,COMPLETE
65,65,3.564948401400873,2022-04-29 11:35:11.637405,2022-04-29 11:35:11.657060,0 days 00:00:00.019655,False,6,4,11,40,4,fifo_wait,True,True,9,734,8,True,15,False,False,17,75,32,True,,COMPLETE
66,66,3.2890201054805814,2022-04-29 11:35:11.657560,2022-04-29 11:35:11.677882,0 days 00:00:00.020322,False,4,7,11,47,4,fifo,True,False,5,1243,8,True,19,False,False,7,142,32,True,,COMPLETE
67,67,3.6931690568707127,2022-04-29 11:35:11.678467,2022-04-29 11:35:11.698532,0 days 00:00:00.020065,False,5,7,3,37,4,fifo_wait,True,False,7,1531,4,True,31,False,False,1,105,32,True,,COMPLETE
68,68,4.749558899920357,2022-04-29 11:35:11.699110,2022-04-29 11:35:11.719251,0 days 00:00:00.020141,False,7,5,10,49,4,fifo_wait,True,False,14,609,1,True,24,False,False,4,85,32,False,,COMPLETE
69,69,3.2188416269239424,2022-04-29 11:35:11.719747,2022-04-29 11:35:11.740301,0 days 00:00:00.020554,False,6,6,14,44,4,fifo_wait,True,False,6,353,8,True,13,False,False,3,70,32,True,,COMPLETE
70,70,3.2136365154575515,2022-04-29 11:35:11.740832,2022-04-29 11:35:11.760785,0 days 00:00:00.019953,False,4,4,16,44,4,fifo_wait,True,True,6,465,8,True,12,False,False,3,64,32,True,,COMPLETE
71,71,3.23652011498906,2022-04-29 11:35:11.761365,2022-04-29 11:35:11.781965,0 days 00:00:00.020600,False,3,4,17,45,4,fifo_wait,True,True,6,476,8,True,12,False,False,3,67,32,True,,COMPLETE
72,72,3.2801424694389913,2022-04-29 11:35:11.782477,2022-04-29 11:35:11.803075,0 days 00:00:00.020598,False,3,4,17,39,4,fifo_wait,True,True,6,458,8,True,47,False,False,2,67,32,True,,COMPLETE
73,73,3.2357427955379716,2022-04-29 11:35:11.803700,2022-04-29 11:35:11.823775,0 days 00:00:00.020075,False,2,2,20,44,4,fifo_wait,True,True,7,350,8,True,9,False,False,3,86,32,True,,COMPLETE
74,74,3.213487387481128,2022-04-29 11:35:11.824276,2022-04-29 11:35:11.845115,0 days 00:00:00.020839,False,2,2,20,41,4,fifo_wait,True,True,7,934,8,True,12,False,False,3,126,32,True,,COMPLETE
75,75,3.316664588718855,2022-04-29 11:35:11.845646,2022-04-29 11:35:11.866397,0 days 00:00:00.020751,False,2,2,22,44,4,fifo_wait,True,True,8,978,8,True,10,False,False,3,195,32,True,,COMPLETE
76,76,3.20546235314412,2022-04-29 11:35:11.866965,2022-04-29 11:35:11.887750,0 days 00:00:00.020785,False,2,2,18,41,4,fifo,False,True,7,878,8,True,22,False,False,1,130,32,True,,COMPLETE
77,77,4.693378457493556,2022-04-29 11:35:11.888278,2022-04-29 11:35:11.909216,0 days 00:00:00.020938,False,4,2,19,34,4,fifo,False,True,5,877,2,True,17,True,False,1,131,32,True,,COMPLETE
78,78,3.361965939919034,2022-04-29 11:35:11.909815,2022-04-29 11:35:11.930405,0 days 00:00:00.020590,False,1,5,15,39,4,fifo,False,True,9,2042,8,True,13,False,False,1,114,32,True,,COMPLETE
79,79,3.3250314973611763,2022-04-29 11:35:11.930935,2022-04-29 11:35:11.951304,0 days 00:00:00.020369,False,1,1,24,37,4,fifo,False,True,4,1280,16,True,22,False,True,2,167,32,True,,COMPLETE
80,80,4.082241219101601,2022-04-29 11:35:11.951806,2022-04-29 11:35:11.972695,0 days 00:00:00.020889,False,2,3,16,33,4,fifo,False,True,10,563,8,True,15,False,False,4,137,32,False,,COMPLETE
81,81,3.309080190652523,2022-04-29 11:35:11.973240,2022-04-29 11:35:11.993515,0 days 00:00:00.020275,False,2,2,20,40,4,fifo,False,True,7,378,8,True,9,False,False,3,90,32,True,,COMPLETE
82,82,3.977452385046295,2022-04-29 11:35:11.994062,2022-04-29 11:35:12.014847,0 days 00:00:00.020785,False,3,2,19,41,4,fifo_wait,True,True,8,239,8,True,12,False,False,23,112,32,True,,COMPLETE
83,83,3.3578868863259377,2022-04-29 11:35:12.015429,2022-04-29 11:35:12.036309,0 days 00:00:00.020880,False,2,2,21,31,4,fifo_wait,True,True,7,451,8,True,10,False,False,4,246,32,True,,COMPLETE
84,84,3.229755410548118,2022-04-29 11:35:12.036853,2022-04-29 11:35:12.057240,0 days 00:00:00.020387,False,4,3,18,43,4,fifo,True,True,5,829,8,True,9,False,False,2,52,32,True,,COMPLETE
85,85,4.109000065247787,2022-04-29 11:35:12.057746,2022-04-29 11:35:12.078615,0 days 00:00:00.020869,False,4,3,18,55,4,fifo,False,True,5,1549,8,True,11,False,False,2,58,2,True,,COMPLETE
86,86,3.2238687327489393,2022-04-29 11:35:12.079132,2022-04-29 11:35:12.100017,0 days 00:00:00.020885,False,5,1,14,42,32,fifo,True,True,4,835,8,True,18,False,False,1,53,32,True,,COMPLETE
87,87,4.1973656485981286,2022-04-29 11:35:12.100612,2022-04-29 11:35:12.121715,0 days 00:00:00.021103,False,5,1,14,27,32,fifo,True,True,4,654,8,True,18,False,False,1,107,1,True,,COMPLETE
88,88,3.315944596080028,2022-04-29 11:35:12.122312,2022-04-29 11:35:12.143394,0 days 00:00:00.021082,False,5,1,13,41,32,fifo,True,True,10,1041,8,True,70,False,False,6,78,16,True,,COMPLETE
89,89,5.453473471368263,2022-04-29 11:35:12.143914,2022-04-29 11:35:12.164647,0 days 00:00:00.020733,False,6,1,16,49,32,fifo,True,True,12,4,4,True,20,True,False,29,149,32,True,,COMPLETE
90,90,5.400230101248635,2022-04-29 11:35:12.165184,2022-04-29 11:35:12.186093,0 days 00:00:00.020909,False,3,6,12,54,32,fifo,True,True,6,1,8,True,16,False,False,4,176,32,True,,COMPLETE
91,91,3.2745813058136406,2022-04-29 11:35:12.186598,2022-04-29 11:35:12.207709,0 days 00:00:00.021111,False,4,4,15,43,16,fifo,True,True,8,740,8,True,13,False,False,2,51,32,True,,COMPLETE
92,92,3.2590368346188376,2022-04-29 11:35:12.208233,2022-04-29 11:35:12.229026,0 days 00:00:00.020793,False,4,3,18,38,8,fifo,True,True,5,536,8,True,11,False,False,1,64,32,True,,COMPLETE
93,93,3.227139242129872,2022-04-29 11:35:12.229643,2022-04-29 11:35:12.250696,0 days 00:00:00.021053,False,5,3,19,46,4,fifo,True,True,4,883,8,True,9,False,False,3,55,32,True,,COMPLETE
94,94,3.2299425892340334,2022-04-29 11:35:12.251199,2022-04-29 11:35:12.272628,0 days 00:00:00.021429,False,6,2,14,45,4,fifo,True,True,4,1541,8,True,568,False,False,3,36,32,True,,COMPLETE
95,95,3.2775768323949155,2022-04-29 11:35:12.273167,2022-04-29 11:35:12.293992,0 days 00:00:00.020825,False,5,3,19,48,4,fifo,True,True,9,933,8,True,10,False,True,6,62,32,True,,COMPLETE
96,96,3.6307492649073434,2022-04-29 11:35:12.294584,2022-04-29 11:35:12.316193,0 days 00:00:00.021609,False,7,1,22,58,8,fifo_wait,True,True,7,296,16,True,23,False,False,5,127,4,True,,COMPLETE
97,97,4.745818510531748,2022-04-29 11:35:12.316706,2022-04-29 11:35:12.338365,0 days 00:00:00.021659,True,6,15,24,50,2,fifo,False,True,6,466,1,True,30,False,False,3,93,32,False,,COMPLETE
98,98,3.42812617421941,2022-04-29 11:35:12.338970,2022-04-29 11:35:12.360223,0 days 00:00:00.021253,False,5,8,21,46,32,fifo_wait,True,True,3,207,8,False,8,False,False,4,54,32,True,,COMPLETE
99,99,4.725516670255729,2022-04-29 11:35:12.360785,2022-04-29 11:35:12.382317,0 days 00:00:00.021532,False,8,5,14,13,4,fifo_wait,True,True,8,1084,2,True,15,False,False,1,73,2,True,,COMPLETE